"date","housing_price","interest_rate","unemployment","cpi"
1990-01-01,76.896,8.23,5.4,127.5
1990-02-01,77.052,8.24,5.3,128
1990-03-01,77.2,8.28,5.2,128.6
1990-04-01,77.278,8.26,5.4,128.9
1990-05-01,77.297,8.18,5.4,129.1
1990-06-01,77.257,8.29,5.2,129.9
1990-07-01,77.141,8.15,5.5,130.5
1990-08-01,77.008,8.13,5.7,131.6
1990-09-01,76.849,8.2,5.9,132.5
1990-10-01,76.702,8.11,5.9,133.4
1990-11-01,76.362,7.81,6.2,133.7
1990-12-01,76.184,7.31,6.3,134.2
1991-01-01,75.913,6.91,6.4,134.7
1991-02-01,75.732,6.25,6.6,134.8
1991-03-01,75.564,6.12,6.8,134.8
1991-04-01,75.564,5.91,6.7,135.1
1991-05-01,75.76,5.78,6.9,135.6
1991-06-01,75.992,5.9,6.9,136
1991-07-01,76.081,5.82,6.8,136.2
1991-08-01,76.104,5.66,6.9,136.6
1991-09-01,76.192,5.45,6.9,137
1991-10-01,76.074,5.21,7,137.2
1991-11-01,76.005,4.81,7,137.8
1991-12-01,76.051,4.43,7.3,138.2
1992-01-01,76.088,4.03,7.3,138.3
1992-02-01,76.157,4.06,7.4,138.6
1992-03-01,76.278,3.98,7.4,139.1
1992-04-01,76.346,3.73,7.4,139.4
1992-05-01,76.398,3.82,7.6,139.7
1992-06-01,76.331,3.76,7.8,140.1
1992-07-01,76.267,3.25,7.7,140.5
1992-08-01,76.231,3.3,7.6,140.8
1992-09-01,76.239,3.22,7.6,141.1
1992-10-01,76.379,3.1,7.3,141.7
1992-11-01,76.554,3.09,7.4,142.1
1992-12-01,76.675,2.92,7.4,142.3
1993-01-01,76.783,3.02,7.3,142.8
1993-02-01,76.836,3.03,7.1,143.1
1993-03-01,76.867,3.07,7,143.3
1993-04-01,76.936,2.96,7.1,143.8
1993-05-01,77.036,3,7.1,144.2
1993-06-01,77.243,3.04,7,144.3
1993-07-01,77.432,3.06,6.9,144.5
1993-08-01,77.614,3.03,6.8,144.8
1993-09-01,77.796,3.09,6.7,145
1993-10-01,77.944,2.99,6.8,145.6
1993-11-01,78.146,3.02,6.6,146
1993-12-01,78.327,2.96,6.5,146.3
1994-01-01,78.59,3.05,6.6,146.3
1994-02-01,78.726,3.25,6.6,146.7
1994-03-01,78.855,3.34,6.5,147.1
1994-04-01,78.987,3.56,6.4,147.2
1994-05-01,79.221,4.01,6.1,147.5
1994-06-01,79.422,4.25,6.1,147.9
1994-07-01,79.596,4.26,6.1,148.4
1994-08-01,79.781,4.47,6,149
1994-09-01,79.918,4.73,5.9,149.3
1994-10-01,80.065,4.76,5.8,149.4
1994-11-01,80.148,5.29,5.6,149.8
1994-12-01,80.296,5.45,5.5,150.1
1995-01-01,80.425,5.53,5.6,150.5
1995-02-01,80.527,5.92,5.4,150.9
1995-03-01,80.598,5.98,5.4,151.2
1995-04-01,80.661,6.05,5.8,151.8
1995-05-01,80.703,6.01,5.6,152.1
1995-06-01,80.785,6,5.6,152.4
1995-07-01,80.937,5.85,5.7,152.6
1995-08-01,81.11,5.74,5.7,152.9
1995-09-01,81.305,5.8,5.6,153.1
1995-10-01,81.481,5.76,5.5,153.5
1995-11-01,81.618,5.8,5.6,153.7
1995-12-01,81.735,5.6,5.6,153.9
1996-01-01,81.834,5.56,5.6,154.7
1996-02-01,81.953,5.22,5.5,155
1996-03-01,82.194,5.31,5.5,155.5
1996-04-01,82.419,5.22,5.6,156.1
1996-05-01,82.607,5.24,5.6,156.4
1996-06-01,82.751,5.27,5.3,156.7
1996-07-01,82.928,5.4,5.5,157
1996-08-01,83.085,5.22,5.1,157.2
1996-09-01,83.256,5.3,5.2,157.7
1996-10-01,83.376,5.24,5.2,158.2
1996-11-01,83.551,5.31,5.4,158.7
1996-12-01,83.72,5.29,5.4,159.1
1997-01-01,83.954,5.25,5.3,159.4
1997-02-01,84.179,5.19,5.2,159.7
1997-03-01,84.45,5.39,5.2,159.8
1997-04-01,84.621,5.51,5.1,159.9
1997-05-01,84.86,5.5,4.9,159.9
1997-06-01,85.08,5.56,5,160.2
1997-07-01,85.331,5.52,4.9,160.4
1997-08-01,85.573,5.54,4.8,160.8
1997-09-01,85.851,5.54,4.9,161.2
1997-10-01,86.147,5.5,4.7,161.5
1997-11-01,86.633,5.52,4.6,161.7
1997-12-01,87.093,5.5,4.7,161.8
1998-01-01,87.616,5.56,4.6,162
1998-02-01,88.004,5.51,4.6,162
1998-03-01,88.443,5.49,4.7,162
1998-04-01,88.879,5.45,4.3,162.2
1998-05-01,89.364,5.49,4.4,162.6
1998-06-01,89.843,5.56,4.5,162.8
1998-07-01,90.308,5.54,4.5,163.2
1998-08-01,90.784,5.55,4.5,163.4
1998-09-01,91.257,5.51,4.6,163.5
1998-10-01,91.715,5.07,4.5,163.9
1998-11-01,92.198,4.83,4.4,164.1
1998-12-01,92.711,4.68,4.4,164.4
1999-01-01,93.207,4.63,4.3,164.7
1999-02-01,93.671,4.76,4.4,164.7
1999-03-01,94.216,4.81,4.2,164.8
1999-04-01,94.785,4.74,4.3,165.9
1999-05-01,95.344,4.74,4.2,166
1999-06-01,95.974,4.76,4.3,166
1999-07-01,96.591,4.99,4.3,166.7
1999-08-01,97.218,5.07,4.2,167.1
1999-09-01,97.862,5.22,4.2,167.8
1999-10-01,98.522,5.2,4.1,168.1
1999-11-01,99.153,5.42,4.1,168.4
1999-12-01,99.843,5.3,4,168.8
2000-01-01,100.551,5.45,4,169.3
2000-02-01,101.339,5.73,4.1,170
2000-03-01,102.126,5.85,4,171
2000-04-01,102.922,6.02,3.8,170.9
2000-05-01,103.677,6.27,4,171.2
2000-06-01,104.425,6.53,4,172.2
2000-07-01,105.055,6.54,4,172.7
2000-08-01,105.769,6.5,4.1,172.7
2000-09-01,106.539,6.52,3.9,173.6
2000-10-01,107.383,6.51,3.9,173.9
2000-11-01,108.303,6.51,3.9,174.2
2000-12-01,109.142,6.4,3.9,174.6
2001-01-01,109.847,5.98,4.2,175.6
2001-02-01,110.501,5.49,4.2,176
2001-03-01,111.109,5.31,4.3,176.1
2001-04-01,111.652,4.8,4.4,176.4
2001-05-01,112.164,4.21,4.3,177.3
2001-06-01,112.795,3.97,4.5,177.7
2001-07-01,113.492,3.77,4.6,177.4
2001-08-01,114.168,3.65,4.9,177.4
2001-09-01,114.812,3.07,5,178.1
2001-10-01,115.31,2.49,5.3,177.6
2001-11-01,115.856,2.09,5.5,177.5
2001-12-01,116.454,1.82,5.7,177.4
2002-01-01,117.143,1.73,5.7,177.7
2002-02-01,117.845,1.74,5.7,178
2002-03-01,118.688,1.73,5.7,178.5
2002-04-01,119.612,1.75,5.9,179.3
2002-05-01,120.724,1.75,5.8,179.5
2002-06-01,121.813,1.75,5.8,179.6
2002-07-01,122.888,1.73,5.8,180
2002-08-01,123.832,1.74,5.7,180.5
2002-09-01,124.781,1.75,5.7,180.8
2002-10-01,125.736,1.75,5.7,181.2
2002-11-01,126.671,1.34,5.9,181.5
2002-12-01,127.625,1.24,6,181.8
2003-01-01,128.462,1.24,5.8,182.6
2003-02-01,129.356,1.26,5.9,183.6
2003-03-01,130.148,1.25,5.9,183.9
2003-04-01,130.884,1.26,6,183.2
2003-05-01,131.735,1.26,6.1,182.9
2003-06-01,132.649,1.22,6.3,183.1
2003-07-01,133.776,1.01,6.2,183.7
2003-08-01,134.967,1.03,6.1,184.5
2003-09-01,136.294,1.01,6.1,185.1
2003-10-01,137.532,1.01,6,184.9
2003-11-01,138.795,1,5.8,185
2003-12-01,140.18,0.98,5.7,185.5
2004-01-01,141.646,1,5.7,186.3
2004-02-01,143.192,1.01,5.6,186.7
2004-03-01,145.058,1,5.8,187.1
2004-04-01,146.593,1,5.6,187.4
2004-05-01,148.186,1,5.6,188.2
2004-06-01,149.851,1.03,5.6,188.9
2004-07-01,151.338,1.26,5.5,189.1
2004-08-01,152.633,1.43,5.4,189.2
2004-09-01,154.179,1.61,5.4,189.8
2004-10-01,155.75,1.76,5.5,190.8
2004-11-01,157.527,1.93,5.4,191.7
2004-12-01,159.329,2.16,5.4,191.7
2005-01-01,161.288,2.28,5.3,191.6
2005-02-01,163.345,2.5,5.4,192.4
2005-03-01,165.814,2.63,5.2,193.1
2005-04-01,167.503,2.79,5.2,193.7
2005-05-01,169.353,3,5.1,193.6
2005-06-01,171.192,3.04,5,193.7
2005-07-01,172.861,3.26,5,194.9
2005-08-01,174.442,3.5,4.9,196.1
2005-09-01,176.439,3.62,5,198.8
2005-10-01,178.029,3.78,5,199.1
2005-11-01,179.683,4,5,198.1
2005-12-01,180.911,4.16,4.9,198.1
2006-01-01,182.321,4.29,4.7,199.3
2006-02-01,183.287,4.49,4.8,199.4
2006-03-01,184.364,4.59,4.7,199.7
2006-04-01,184.33,4.79,4.7,200.7
2006-05-01,184.157,4.94,4.6,201.3
2006-06-01,183.508,4.99,4.6,201.8
2006-07-01,183.066,5.24,4.7,202.9
2006-08-01,182.592,5.25,4.7,203.8
2006-09-01,182.797,5.25,4.5,202.8
2006-10-01,183.197,5.25,4.4,201.9
2006-11-01,183.607,5.25,4.5,202
2006-12-01,184.137,5.24,4.4,203.1
2007-01-01,184.514,5.25,4.6,203.437
2007-02-01,184.595,5.26,4.5,204.226
2007-03-01,184.147,5.26,4.4,205.288
2007-04-01,183.008,5.25,4.5,205.904
2007-05-01,181.6,5.25,4.4,206.755
2007-06-01,180.252,5.25,4.6,207.234
2007-07-01,179.109,5.26,4.7,207.603
2007-08-01,178.115,5.02,4.6,207.667
2007-09-01,177.556,4.94,4.7,208.547
2007-10-01,176.622,4.76,4.7,209.19
2007-11-01,175.145,4.49,4.7,210.834
2007-12-01,174.339,4.24,5,211.445
2008-01-01,173.131,3.94,5,212.174
2008-02-01,171.539,2.98,4.9,212.687
2008-03-01,170.05,2.61,5.1,213.448
2008-04-01,168.332,2.28,5,213.942
2008-05-01,166.653,1.98,5.4,215.208
2008-06-01,165.012,2,5.6,217.463
2008-07-01,163.562,2.01,5.8,219.016
2008-08-01,161.984,2,6.1,218.69
2008-09-01,160.305,1.81,6.1,218.877
2008-10-01,158.325,0.97,6.5,216.995
2008-11-01,156.14,0.39,6.8,213.153
2008-12-01,153.617,0.16,7.3,211.398
2009-01-01,151.505,0.15,7.8,211.933
2009-02-01,150.012,0.22,8.3,212.705
2009-03-01,148.657,0.18,8.7,212.495
2009-04-01,147.947,0.15,9,212.709
2009-05-01,147.692,0.18,9.4,213.022
2009-06-01,148.087,0.21,9.5,214.79
2009-07-01,148.406,0.16,9.5,214.726
2009-08-01,148.275,0.16,9.6,215.445
2009-09-01,148.023,0.15,9.8,215.861
2009-10-01,147.849,0.12,10,216.509
2009-11-01,148.135,0.12,9.9,217.234
2009-12-01,147.931,0.12,9.9,217.347
2010-01-01,147.396,0.11,9.8,217.488
2010-02-01,145.632,0.13,9.8,217.281
2010-03-01,145.857,0.16,9.9,217.353
2010-04-01,146.398,0.2,9.9,217.403
2010-05-01,146.387,0.2,9.6,217.29
2010-06-01,145.714,0.18,9.4,217.199
2010-07-01,144.983,0.18,9.4,217.605
2010-08-01,143.909,0.19,9.5,217.923
2010-09-01,143.013,0.19,9.5,218.275
2010-10-01,142.523,0.19,9.4,219.035
2010-11-01,142.163,0.19,9.8,219.59
2010-12-01,142.05,0.18,9.3,220.472
2011-01-01,141.512,0.17,9.1,221.187
2011-02-01,140.339,0.16,9,221.898
2011-03-01,139.971,0.14,9,223.046
2011-04-01,140.003,0.1,9.1,224.093
2011-05-01,139.901,0.09,9,224.806
2011-06-01,139.857,0.09,9.1,224.806
2011-07-01,139.727,0.07,9,225.395
2011-08-01,139.304,0.1,9,226.106
2011-09-01,138.66,0.08,9,226.597
2011-10-01,137.94,0.07,8.8,226.75
2011-11-01,137.137,0.08,8.6,227.169
2011-12-01,136.659,0.07,8.5,227.223
2012-01-01,136.595,0.08,8.3,227.842
2012-02-01,136.522,0.1,8.3,228.329
2012-03-01,137.893,0.13,8.2,228.807
2012-04-01,139.143,0.14,8.2,229.187
2012-05-01,140.143,0.16,8.2,228.713
2012-06-01,141.019,0.16,8.2,228.524
2012-07-01,141.658,0.16,8.2,228.59
2012-08-01,142.269,0.13,8.1,229.918
2012-09-01,142.897,0.14,7.8,231.015
2012-10-01,143.59,0.16,7.8,231.638
2012-11-01,144.574,0.16,7.7,231.249
2012-12-01,145.492,0.16,7.9,231.221
2013-01-01,146.816,0.14,8,231.679
2013-02-01,147.772,0.15,7.7,232.937
2013-03-01,149.951,0.14,7.5,232.282
2013-04-01,151.508,0.15,7.6,231.797
2013-05-01,152.839,0.11,7.5,231.893
2013-06-01,154.189,0.09,7.5,232.445
2013-07-01,155.595,0.09,7.3,232.9
2013-08-01,156.952,0.08,7.2,233.456
2013-09-01,158.214,0.08,7.2,233.544
2013-10-01,159.233,0.09,7.2,233.669
2013-11-01,160.069,0.08,6.9,234.1
2013-12-01,160.99,0.09,6.7,234.719
2014-01-01,161.92,0.07,6.6,235.288
2014-02-01,162.516,0.07,6.7,235.547
2014-03-01,163.073,0.08,6.7,236.028
2014-04-01,163.376,0.09,6.2,236.468
2014-05-01,163.641,0.09,6.3,236.918
2014-06-01,164.046,0.1,6.1,237.231
2014-07-01,164.571,0.09,6.2,237.498
2014-08-01,165.196,0.09,6.1,237.46
2014-09-01,165.888,0.09,5.9,237.477
2014-10-01,166.626,0.09,5.7,237.43
2014-11-01,167.32,0.09,5.8,236.983
2014-12-01,168.036,0.12,5.6,236.252
2015-01-01,168.611,0.11,5.7,234.747
2015-02-01,169.104,0.11,5.5,235.342
2015-03-01,169.776,0.11,5.4,235.976
2015-04-01,170.279,0.12,5.4,236.222
2015-05-01,170.862,0.12,5.6,237.001
2015-06-01,171.45,0.13,5.3,237.657
2015-07-01,172.128,0.13,5.2,238.034
2015-08-01,172.906,0.14,5.1,238.033
2015-09-01,173.798,0.14,5,237.498
2015-10-01,174.762,0.12,5,237.733
2015-11-01,175.708,0.12,5.1,238.017
2015-12-01,176.516,0.24,5,237.761
2016-01-01,177.244,0.34,4.8,237.652
2016-02-01,177.625,0.38,4.9,237.336
2016-03-01,178.141,0.36,5,238.08
2016-04-01,178.74,0.37,5.1,238.992
2016-05-01,179.399,0.37,4.8,239.557
2016-06-01,180.058,0.38,4.9,240.222
2016-07-01,180.835,0.39,4.8,240.101
2016-08-01,181.823,0.4,4.9,240.545
2016-09-01,182.796,0.4,5,241.176
2016-10-01,183.72,0.4,4.9,241.741
2016-11-01,184.728,0.41,4.7,242.026
2016-12-01,185.696,0.54,4.7,242.637
2017-01-01,186.774,0.65,4.7,243.618
2017-02-01,187.289,0.66,4.6,244.006
2017-03-01,187.968,0.79,4.4,243.892
2017-04-01,188.698,0.9,4.4,244.193
2017-05-01,189.585,0.91,4.4,244.004
2017-06-01,190.464,1.04,4.3,244.163
2017-07-01,191.435,1.15,4.3,244.243
2017-08-01,192.621,1.16,4.4,245.183
2017-09-01,193.714,1.15,4.3,246.435
2017-10-01,194.76,1.15,4.2,246.626
2017-11-01,195.91,1.16,4.2,247.284
2017-12-01,197.137,1.3,4.1,247.805
2018-01-01,198.278,1.41,4,248.859
2018-02-01,199.204,1.42,4.1,249.529
2018-03-01,199.94,1.51,4,249.577
2018-04-01,200.628,1.69,4,250.227
2018-05-01,201.39,1.7,3.8,250.792
2018-06-01,202.161,1.82,4,251.018
2018-07-01,202.874,1.91,3.8,251.214
2018-08-01,203.634,1.91,3.8,251.663
2018-09-01,204.294,1.95,3.7,252.182
2018-10-01,205.063,2.19,3.8,252.772
2018-11-01,205.637,2.2,3.8,252.594
2018-12-01,206.131,2.27,3.9,252.767
2019-01-01,206.515,2.4,4,252.561
2019-02-01,206.83,2.4,3.8,253.319
2019-03-01,207.046,2.41,3.8,254.277
2019-04-01,207.498,2.42,3.7,255.233
2019-05-01,208.105,2.39,3.6,255.296
2019-06-01,208.545,2.38,3.6,255.213
2019-07-01,209.205,2.4,3.7,255.802
2019-08-01,210.012,2.13,3.6,256.036
2019-09-01,210.82,2.04,3.5,256.43
2019-10-01,211.717,1.83,3.6,257.155
2019-11-01,212.755,1.55,3.6,257.879
2019-12-01,213.917,1.55,3.6,258.63
2020-01-01,214.996,1.55,3.6,259.127
2020-02-01,215.842,1.58,3.5,259.25
2020-03-01,216.39,0.65,4.4,258.076
2020-04-01,216.793,0.05,14.8,256.032
2020-05-01,216.919,0.05,13.2,255.802
2020-06-01,217.462,0.08,11,257.042
2020-07-01,219.242,0.09,10.2,258.352
2020-08-01,222.275,0.1,8.4,259.316
2020-09-01,225.727,0.09,7.8,259.997
2020-10-01,229.657,0.09,6.9,260.319
2020-11-01,233.207,0.09,6.7,260.911
2020-12-01,236.521,0.09,6.7,262.045
2021-01-01,239.617,0.09,6.4,262.687
2021-02-01,242.328,0.08,6.2,263.579
2021-03-01,245.418,0.07,6.1,264.961
2021-04-01,249,0.07,6.1,266.614
2021-05-01,253.248,0.06,5.8,268.383
2021-06-01,258.07,0.08,5.9,270.654
2021-07-01,262.549,0.1,5.4,271.903
2021-08-01,266.635,0.09,5.1,272.676
2021-09-01,270.208,0.08,4.7,273.91
2021-10-01,273.619,0.08,4.5,276.55
2021-11-01,277.302,0.08,4.1,278.919
2021-12-01,281.506,0.08,3.9,280.845
2022-01-01,286.069,0.08,4,282.543
2022-02-01,291.041,0.08,3.9,284.5
2022-03-01,296.254,0.2,3.7,287.674
2022-04-01,300.279,0.33,3.7,288.561
2022-05-01,303.276,0.77,3.6,291.298
2022-06-01,304.148,1.21,3.6,294.957
2022-07-01,303.376,1.68,3.5,294.913
2022-08-01,301.126,2.33,3.6,295.097
2022-09-01,299.126,2.56,3.5,296.349
2022-10-01,298.759,3.08,3.6,298.007
2022-11-01,298.411,3.78,3.6,298.786
2022-12-01,297.68,4.1,3.5,298.832
2023-01-01,297.287,4.33,3.5,300.42
2023-02-01,297.572,4.57,3.6,301.45
2023-03-01,298.665,4.65,3.5,301.821
2023-04-01,300.074,4.83,3.4,302.845
2023-05-01,302.064,5.06,3.6,303.334
2023-06-01,304.155,5.08,3.6,304.014
2023-07-01,306.563,5.12,3.5,304.609
2023-08-01,309.217,5.33,3.7,306.082
2023-09-01,311.332,5.33,3.7,307.276
2023-10-01,313.228,5.33,3.9,307.696
2023-11-01,314.02,5.33,3.7,308.148
2023-12-01,314.766,5.33,3.8,308.741
2024-01-01,315.754,5.33,3.7,309.698
2024-02-01,316.987,5.33,3.9,310.967
2024-03-01,318.121,5.33,3.9,312.345
2024-04-01,319.144,5.33,3.9,313.023
2024-05-01,319.994,5.33,3.9,313.175
2024-06-01,320.737,5.33,4.1,313.044
2024-07-01,321.682,5.33,4.2,313.569
2024-08-01,322.557,5.33,4.2,314.062
2024-09-01,323.558,5.13,4.1,314.732
2024-10-01,324.501,4.83,4.1,315.631
2024-11-01,325.844,4.64,4.2,316.528
2024-12-01,327.471,4.48,4.1,317.604
2025-01-01,328.925,4.33,4,318.961
2025-02-01,329.555,4.33,4.2,319.679
2025-03-01,329.031,4.33,4.2,319.785
2025-04-01,328.172,4.33,4.2,320.302
2025-05-01,327.504,4.33,4.3,320.62
2025-06-01,326.912,4.33,4.1,321.435
2025-07-01,326.992,4.33,4.3,322.169
2025-08-01,327.38,4.33,4.3,323.291
2025-09-01,327.829,4.22,4.4,324.245
2025-10-01,328.822,4.09,NA,NA
2025-11-01,330.099,3.88,4.5,325.063
2025-12-01,331.288,3.72,4.4,326.031
